Hotel Name,Rating,Rating Description,Reviews,Star Rating,Location,Nearest Landmark,Distance to Landmark,Price,Tax
Gokulam Park,4.1,Very Good,1058,4,Chithirapuram ,city centre,10.2,2728.0,574.0
Sterling Munnar,3.8,Very Good,1088,4,Chinnakanal ,city centre,19.2,4451.0,969.0
Issacs Residency,4.1,Very Good,322,3,Central Munnar ,Attukal Waterfalls,0.95,2758.0,684.0
Tea Valley Resort,4.3,Excellent,1337,4,Pallivasal ,city centre,4.8,2675.0,756.0
Grand Plaza,4.3,Excellent,1058,4,Moolakadai ,Attukal Waterfalls,1.9,3203.0,654.0
Misty Mountain Resort,4.2,Very Good,1934,4,Pallivasal ,city centre,7.5,3145.0,848.0
Eastend Munnar,3.9,Very Good,437,4,Central Munnar ,Attukal Waterfalls,0.77,3493.0,713.0
Seven Springs Plantation Resort,3.7,Very Good,6,3,Laxmi Estate ,city centre,12.3,2255.0,554.0
Clouds Valley Leisure Hotel,4.0,Very Good,599,4,Near Munnar Bus Stand ,Attukal Waterfalls,2.2,2595.0,530.0
Broad Bean Resort & Spa,4.1,Very Good,249,5,Muthirapuzhayar Road ,city centre,13.1,5583.0,1141.0
KTDC Tea County,4.4,Excellent,851,4,Central Munnar ,Attukal Waterfalls,1.7,5022.0,1026.0
Parakkat Nature Resorts,4.3,Excellent,1310,5,Pallivasal ,city centre,7.8,9977.0,2682.0
"Chithirapuram Palace | Rooms & Restaurant
Like a 3",4.5,Excellent,96,4,Chithirapuram ,city centre,10.8,2494.0,634.0
Devonshire Greens - The Leisure Hotel & Spa,3.9,Very Good,431,5,Pallivasal ,city centre,5.9,4815.0,1177.0
Sn Holiday Home,4.2,Very Good,369,4,Anachal ,city centre,11.1,966.0,229.0
Vibe Munnar,4.6,Excellent,136,5,Ettycity Road ,city centre,13.1,7905.0,2380.0
Landy Queen Homestay | Rooms & Caretaker,4.5,Excellent,188,4,Central Munnar ,Attukal Waterfalls,1.1,1279.0,269.0
juSTa Rangers Munnar,4.2,Very Good,188,4,Adimali ,city centre,23.8,3481.0,946.0
The Panoramic Getaway,4.6,Excellent,939,5,Chithirapuram ,city centre,9.8,11974.0,4617.0
Hotel Hillview,3.9,Very Good,501,4,Moolakadai ,Attukal Waterfalls,2.5,2820.0,693.0
Tea Castle,3.8,Very Good,157,3,Chithirapuram ,city centre,9.3,1791.0,366.0
"Tulsi Village Retreat | Treehouse & Cabin Stays
Like a 3",3.9,Very Good,352,4,Adimali ,city centre,21.6,1545.0,346.0
Elixir Hills Suites Resort & Spa,4.2,Very Good,986,5,Laxmi Estate ,city centre,13.0,7784.0,2092.0
Bellmount Resorts,3.9,Very Good,1204,3,Central Munnar ,Attukal Waterfalls,0.86,2364.0,586.0
Amber Dale Luxury Hotel and Spa,4.4,Excellent,1047,5,Pallivasal ,city centre,6.4,5661.0,1216.0
"Jungle Jive Tree House | Rooms in a Homestay
Like a 3",3.8,Very Good,10,4,Munnar ,city centre,15.0,5204.0,1134.0
Abad Copper Castle Hill Valley Resort,4.2,Very Good,366,4,Near Pothamedu Viewpoint ,city centre,3.3,4910.0,684.0
Chandys Windy Woods,4.8,Excellent,355,5,Chithirapuram ,city centre,8.8,9000.0,684.0
Elysium Garden,4.0,Very Good,844,4,Central Munnar ,Attukal Waterfalls,2.0,3320.0,678.0
The Siena Village,4.4,Excellent,551,4,Chinnakanal ,city centre,20.6,3974.0,865.0
"Munnar Ice Queen | Rooms & Cottages
Like a 3",4.7,Excellent,112,4,Muthuvaankudi ,city centre,13.4,2410.0,596.0
Queen Of Munnar | Rooms in a Homestay,2.8,Average,252,4,Central Munnar ,Attukal Waterfalls,2.2,978.0,156.0
Le Celestium,3.6,Very Good,478,3,Central Munnar ,Attukal Waterfalls,1.7,1674.0,378.0
Mercys Munnar Homestay | Room & Caretaker,3.9,Very Good,48,4,Munnar ,city centre,17.8,930.0,290.0
Star Emirates Luxury Resort And Spa,4.2,Very Good,289,4,Ambazhachal ,city centre,13.8,2832.0,875.0
The Hosteller Munnar,4.2,Very Good,142,4,Periyakanal-Muttukad Road ,city centre,22.8,3629.0,792.0
ELEPHANT PASSAGE,4.6,Excellent,235,5,Anachal ,city centre,11.9,10881.0,2925.0
Dream Coconut Villa Resort,4.1,Very Good,219,3,Chithirapuram ,city centre,11.0,2543.0,519.0
Fragrant Nature Munnar,4.5,Excellent,228,5,Pallivasal ,city centre,4.3,10400.0,1872.0
Munnar Castle,3.8,Very Good,519,3,Central Munnar ,Attukal Waterfalls,1.7,2365.0,930.0
Westwood Riverside Garden Resort,3.4,Good,301,3,Moolakadai ,Attukal Waterfalls,2.0,2428.0,711.0
Snow Line Resort,4.3,Excellent,165,3,Chithirapuram ,city centre,10.4,2763.0,653.0
HOTEL WHITE HOUSE,4.4,Excellent,82,4,Anachal ,city centre,11.1,5631.0,1346.0
Green Trees,3.1,Good,54,3,Chithirapuram ,city centre,10.9,2706.0,589.0
Munnar Summer Castle,4.0,Very Good,40,3,Ettycity Road ,city centre,12.3,2930.0,599.0
Mountain Club Resort Munnar,4.3,Excellent,420,5,Chinnakanal ,city centre,21.3,9417.0,2531.0
AMUSE VISTA RESORTS AND SPA,3.9,Very Good,152,4,Anachal ,city centre,11.1,2228.0,567.0
Grace Munnar,3.9,Very Good,43,4,Munnar ,city centre,14.1,1814.0,429.0
MehaKira Holiday Inn | Room & Caretaker,3.9,Very Good,230,4,Central Munnar ,Attukal Waterfalls,2.0,1347.0,352.0
The Club Munnar,3.1,Good,101,3,Devikulam ,city centre,14.2,2630.0,557.0
Palmtree Leaf Munnar,4.2,Very Good,113,3,Ettycity Road ,city centre,11.3,2696.0,638.0
Casa Montana,4.2,Very Good,396,3,Near Munnar Bus Stand ,Attukal Waterfalls,2.2,3627.0,741.0
"Bison Valley Homestay | Rooms & Caretaker
Like a 3",4.4,Excellent,54,4,Bison Valley ,city centre,21.6,2011.0,506.0
Munnar Tea Hills Resort,4.1,Very Good,443,4,Anachal ,city centre,10.5,4519.0,923.0
SpiceTree Munnar Boutique Resort,4.6,Excellent,85,5,Periyakanal-Muttukad Road ,city centre,22.6,10631.0,3038.0
Southern Panorama Indriya Resorts,4.0,Very Good,89,5,Pottankadu ,city centre,15.6,3412.0,953.0
La Flora Spicewood,3.4,Good,45,4,Suryanelli ,city centre,22.4,1041.0,213.0
"Cloud Castle Resorts And Spa, Munnar",4.2,Very Good,103,4,Anachal ,city centre,10.8,3349.0,860.0
Tea Garden Riverside,4.2,Very Good,128,4,Moolakadai ,Attukal Waterfalls,1.3,2177.0,445.0
The Lake View Resort Munnar,3.7,Very Good,192,4,Anachal ,city centre,12.3,6277.0,472.0
Ragamaya Resort & Spa Munnar,4.3,Excellent,336,5,Munnar ,city centre,23.6,6057.0,1237.0
"Dew Drops Farm Resorts | Rooms & Guided Treks
Like a 3",4.3,Excellent,437,4,Adimali ,city centre,19.2,1719.0,410.0
Indrizzo Spice Valley Resort,3.5,Very Good,52,3,Chithirapuram ,city centre,10.3,1674.0,342.0
Munnar Inn,3.6,Very Good,232,2,Central Munnar ,Attukal Waterfalls,0.44,2046.0,484.0
The Wild Trails Munnar,4.7,Excellent,51,4,Mankulam ,city centre,19.5,7374.0,1982.0
Forest Haven Resort,3.6,Very Good,246,3,Kallar Vattiyar ,city centre,16.4,2046.0,418.0
The Regalia Munnar,4.1,Very Good,189,3,Chinnakanal ,city centre,21.4,2371.0,484.0
Mist Inn Resort,3.6,Very Good,100,3,Pallivasal ,city centre,8.1,3255.0,665.0
Swiss County,4.5,Excellent,328,4,Chithirapuram ,city centre,10.2,3447.0,847.0
The Fog Munnar (Resort & Spa),4.5,Excellent,292,5,Ettycity Road ,city centre,13.2,8103.0,2178.0
Skylark Holidays | Rooms & Caretaker,4.1,Very Good,17,4,Chinnakanal ,city centre,20.6,3317.0,684.0
Deshadan Mountain Resort- The highest resort in Munnar,4.3,Excellent,395,4,Pallivasal ,city centre,5.8,3953.0,808.0
Nature Zone Jungle Resort,4.1,Very Good,187,4,Pallivasal ,city centre,6.6,6862.0,2124.0
Lumino Highrange Homestay | Room & Guided Treks,3.2,Good,221,4,Moolakadai ,Attukal Waterfalls,1.3,1014.0,223.0
